Date,Emp_ID,Emp_Name,Supervisor_Name,Zone_Name,Area_Name,Workload_Score,Status
8/11/2025,101,,,,,,
8/11/2025,102,,,,,,
8/11/2025,103,,,,,,
8/11/2025,104,,,,,,
8/11/2025,105,,,,,,
8/11/2025,106,,,,,,
8/11/2025,107,,,,,,
8/11/2025,108,,,,,,
8/11/2025,109,,,,,,
8/11/2025,110,,,,,,
8/11/2025,111,,,,,,
8/11/2025,112,,,,,,
8/11/2025,113,,,,,,
8/11/2025,114,,,,,,
8/11/2025,115,,,,,,
8/11/2025,116,,,,,,
8/11/2025,117,,,,,,
8/11/2025,118,,,,,,
8/11/2025,119,,,,,,
8/11/2025,120,,,,,,
8/11/2025,121,,,,,,
8/11/2025,122,,,,,,
8/11/2025,123,,,,,,
8/11/2025,124,,,,,,
8/11/2025,125,,,,,,
8/11/2025,126,,,,,,
8/11/2025,127,,,,,,
8/11/2025,128,,,,,,
8/11/2025,129,,,,,,
8/11/2025,130,,,,,,
8/11/2025,131,,,,,,
8/11/2025,132,,,,,,
8/11/2025,133,,,,,,
8/11/2025,134,,,,,,
8/11/2025,135,,,,,,
8/11/2025,136,,,,,,
8/11/2025,137,,,,,,
8/11/2025,138,,,,,,
8/11/2025,139,,,,,,
8/11/2025,140,,,,,,
8/11/2025,141,,,,,,
8/11/2025,142,,,,,,
8/11/2025,143,,,,,,
8/11/2025,144,,,,,,
8/11/2025,145,,,,,,
8/11/2025,146,,,,,,
8/11/2025,147,,,,,,
8/11/2025,148,,,,,,
8/11/2025,149,,,,,,
8/11/2025,150,,,,,,
8/11/2025,151,,,,,,
8/11/2025,152,,,,,,
8/11/2025,153,,,,,,
8/11/2025,154,,,,,,
8/11/2025,155,,,,,,
8/11/2025,156,,,,,,
8/11/2025,157,,,,,,
8/11/2025,158,,,,,,
8/11/2025,159,,,,,,
8/11/2025,160,,,,,,
8/11/2025,161,,,,,,
8/11/2025,162,,,,,,
8/11/2025,163,,,,,,
8/11/2025,164,,,,,,
8/11/2025,165,,,,,,
8/11/2025,166,,,,,,
8/11/2025,167,,,,,,
8/11/2025,168,,,,,,
8/11/2025,169,,,,,,
8/11/2025,170,,,,,,
8/11/2025,171,,,,,,
8/11/2025,172,,,,,,
8/11/2025,173,,,,,,
8/11/2025,174,,,,,,
8/11/2025,175,,,,,,
8/11/2025,176,,,,,,
8/11/2025,177,,,,,,
8/11/2025,178,,,,,,
8/11/2025,179,,,,,,
8/11/2025,180,,,,,,
8/10/2025,101,,,,,,
8/10/2025,102,,,,,,
8/10/2025,103,,,,,,
8/10/2025,104,,,,,,
8/10/2025,105,,,,,,
8/10/2025,106,,,,,,
8/10/2025,107,,,,,,
8/10/2025,108,,,,,,
8/10/2025,109,,,,,,
8/10/2025,110,,,,,,
8/10/2025,111,,,,,,
8/10/2025,112,,,,,,
8/10/2025,113,,,,,,
8/10/2025,114,,,,,,
8/10/2025,115,,,,,,
8/10/2025,116,,,,,,
8/10/2025,117,,,,,,
8/10/2025,118,,,,,,
8/10/2025,119,,,,,,
8/10/2025,120,,,,,,
8/10/2025,121,,,,,,
8/10/2025,122,,,,,,
8/10/2025,123,,,,,,
8/10/2025,124,,,,,,
8/10/2025,125,,,,,,
8/10/2025,126,,,,,,
8/10/2025,127,,,,,,
8/10/2025,128,,,,,,
8/10/2025,129,,,,,,
8/10/2025,130,,,,,,
8/10/2025,131,,,,,,
8/10/2025,132,,,,,,
8/10/2025,133,,,,,,
8/10/2025,134,,,,,,
8/10/2025,135,,,,,,
8/10/2025,136,,,,,,
8/10/2025,137,,,,,,
8/10/2025,138,,,,,,
8/10/2025,139,,,,,,
8/10/2025,140,,,,,,
8/10/2025,141,,,,,,
8/10/2025,142,,,,,,
8/10/2025,143,,,,,,
8/10/2025,144,,,,,,
8/10/2025,145,,,,,,
8/10/2025,146,,,,,,
8/10/2025,147,,,,,,
8/10/2025,148,,,,,,
8/10/2025,149,,,,,,
8/10/2025,150,,,,,,
8/10/2025,151,,,,,,
8/10/2025,152,,,,,,
8/10/2025,153,,,,,,
8/10/2025,154,,,,,,
8/10/2025,155,,,,,,
8/10/2025,156,,,,,,
8/10/2025,157,,,,,,
8/10/2025,158,,,,,,
8/10/2025,159,,,,,,
8/10/2025,160,,,,,,
8/10/2025,161,,,,,,
8/10/2025,162,,,,,,
8/10/2025,163,,,,,,
8/10/2025,164,,,,,,
8/10/2025,165,,,,,,
8/10/2025,166,,,,,,
8/10/2025,167,,,,,,
8/10/2025,168,,,,,,
8/10/2025,169,,,,,,
8/10/2025,170,,,,,,
8/10/2025,171,,,,,,
8/10/2025,172,,,,,,
8/10/2025,173,,,,,,
8/10/2025,174,,,,,,
8/10/2025,175,,,,,,
8/10/2025,176,,,,,,
8/10/2025,177,,,,,,
8/10/2025,178,,,,,,
8/10/2025,179,,,,,,
8/10/2025,180,,,,,,
8/9/2025,101,,,,,,
8/9/2025,102,,,,,,
8/9/2025,103,,,,,,
8/9/2025,104,,,,,,
8/9/2025,105,,,,,,
8/9/2025,106,,,,,,
8/9/2025,107,,,,,,
8/9/2025,108,,,,,,
8/9/2025,109,,,,,,
8/9/2025,110,,,,,,
8/9/2025,111,,,,,,
8/9/2025,112,,,,,,
8/9/2025,113,,,,,,
8/9/2025,114,,,,,,
8/9/2025,115,,,,,,
8/9/2025,116,,,,,,
8/9/2025,117,,,,,,
8/9/2025,118,,,,,,
8/9/2025,119,,,,,,
8/9/2025,120,,,,,,
8/9/2025,121,,,,,,
8/9/2025,122,,,,,,
8/9/2025,123,,,,,,
8/9/2025,124,,,,,,
8/9/2025,125,,,,,,
8/9/2025,126,,,,,,
8/9/2025,127,,,,,,
8/9/2025,128,,,,,,
8/9/2025,129,,,,,,
8/9/2025,130,,,,,,
8/9/2025,131,,,,,,
8/9/2025,132,,,,,,
8/9/2025,133,,,,,,
8/9/2025,134,,,,,,
8/9/2025,135,,,,,,
8/9/2025,136,,,,,,
8/9/2025,137,,,,,,
8/9/2025,138,,,,,,
8/9/2025,139,,,,,,
8/9/2025,140,,,,,,
8/9/2025,141,,,,,,
8/9/2025,142,,,,,,
8/9/2025,143,,,,,,
8/9/2025,144,,,,,,
8/9/2025,145,,,,,,
8/9/2025,146,,,,,,
8/9/2025,147,,,,,,
8/9/2025,148,,,,,,
8/9/2025,149,,,,,,
8/9/2025,150,,,,,,
8/9/2025,151,,,,,,
8/9/2025,152,,,,,,
8/9/2025,153,,,,,,
8/9/2025,154,,,,,,
8/9/2025,155,,,,,,
8/9/2025,156,,,,,,
8/9/2025,157,,,,,,
8/9/2025,158,,,,,,
8/9/2025,159,,,,,,
8/9/2025,160,,,,,,
8/9/2025,161,,,,,,
8/9/2025,162,,,,,,
8/9/2025,163,,,,,,
8/9/2025,164,,,,,,
8/9/2025,165,,,,,,
8/9/2025,166,,,,,,
8/9/2025,167,,,,,,
8/9/2025,168,,,,,,
8/9/2025,169,,,,,,
8/9/2025,170,,,,,,
8/9/2025,171,,,,,,
8/9/2025,172,,,,,,
8/9/2025,173,,,,,,
8/9/2025,174,,,,,,
8/9/2025,175,,,,,,
8/9/2025,176,,,,,,
8/9/2025,177,,,,,,
8/9/2025,178,,,,,,
8/9/2025,179,,,,,,
8/9/2025,180,,,,,,
8/8/2025,101,,,,,,
8/8/2025,102,,,,,,
8/8/2025,103,,,,,,
8/8/2025,104,,,,,,
8/8/2025,105,,,,,,
8/8/2025,106,,,,,,
8/8/2025,107,,,,,,
8/8/2025,108,,,,,,
8/8/2025,109,,,,,,
8/8/2025,110,,,,,,
8/8/2025,111,,,,,,
8/8/2025,112,,,,,,
8/8/2025,113,,,,,,
8/8/2025,114,,,,,,
8/8/2025,115,,,,,,
8/8/2025,116,,,,,,
8/8/2025,117,,,,,,
8/8/2025,118,,,,,,
8/8/2025,119,,,,,,
8/8/2025,120,,,,,,
8/8/2025,121,,,,,,
8/8/2025,122,,,,,,
8/8/2025,123,,,,,,
8/8/2025,124,,,,,,
8/8/2025,125,,,,,,
8/8/2025,126,,,,,,
8/8/2025,127,,,,,,
8/8/2025,128,,,,,,
8/8/2025,129,,,,,,
8/8/2025,130,,,,,,
8/8/2025,131,,,,,,
8/8/2025,132,,,,,,
8/8/2025,133,,,,,,
8/8/2025,134,,,,,,
8/8/2025,135,,,,,,
8/8/2025,136,,,,,,
8/8/2025,137,,,,,,
8/8/2025,138,,,,,,
8/8/2025,139,,,,,,
8/8/2025,140,,,,,,
8/8/2025,141,,,,,,
8/8/2025,142,,,,,,
8/8/2025,143,,,,,,
8/8/2025,144,,,,,,
8/8/2025,145,,,,,,
8/8/2025,146,,,,,,
8/8/2025,147,,,,,,
8/8/2025,148,,,,,,
8/8/2025,149,,,,,,
8/8/2025,150,,,,,,
8/8/2025,151,,,,,,
8/8/2025,152,,,,,,
8/8/2025,153,,,,,,
8/8/2025,154,,,,,,
8/8/2025,155,,,,,,
8/8/2025,156,,,,,,
8/8/2025,157,,,,,,
8/8/2025,158,,,,,,
8/8/2025,159,,,,,,
8/8/2025,160,,,,,,
8/8/2025,161,,,,,,
8/8/2025,162,,,,,,
8/8/2025,163,,,,,,
8/8/2025,164,,,,,,
8/8/2025,165,,,,,,
8/8/2025,166,,,,,,
8/8/2025,167,,,,,,
8/8/2025,168,,,,,,
8/8/2025,169,,,,,,
8/8/2025,170,,,,,,
8/8/2025,171,,,,,,
8/8/2025,172,,,,,,
8/8/2025,173,,,,,,
8/8/2025,174,,,,,,
8/8/2025,175,,,,,,
8/8/2025,176,,,,,,
8/8/2025,177,,,,,,
8/8/2025,178,,,,,,
8/8/2025,179,,,,,,
8/8/2025,180,,,,,,
,,,,,,,
,,,,,,,
,,,,,,,
,,,,,,,
,,,,,,,
,,,,,,,
,,,,,,,
,,,,,,,
,,,,,,,
,,,,,,,
,,,,,,,
,,,,,,,
,,,,,,,
,,,,,,,
,,,,,,,
,,,,,,,
,,,,,,,
,,,,,,,
,,,,,,,
,,,,,,,
,,,,,,,
,,,,,,,
,,,,,,,
,,,,,,,
,,,,,,,
,,,,,,,
,,,,,,,
,,,,,,,
,,,,,,,
,,,,,,,
,,,,,,,
,,,,,,,
,,,,,,,
,,,,,,,
,,,,,,,
,,,,,,,
,,,,,,,
,,,,,,,
,,,,,,,
,,,,,,,
,,,,,,,
,,,,,,,
,,,,,,,
,,,,,,,
,,,,,,,
,,,,,,,
,,,,,,,
,,,,,,,
,,,,,,,
,,,,,,,
,,,,,,,
,,,,,,,
,,,,,,,
,,,,,,,
,,,,,,,
,,,,,,,
,,,,,,,
,,,,,,,
,,,,,,,
,,,,,,,
,,,,,,,
,,,,,,,
,,,,,,,
,,,,,,,
,,,,,,,
,,,,,,,
,,,,,,,
,,,,,,,
,,,,,,,
,,,,,,,
,,,,,,,
,,,,,,,
,,,,,,,
,,,,,,,
,,,,,,,
,,,,,,,
,,,,,,,
,,,,,,,
,,,,,,,
,,,,,,,
,,,,,,,
,,,,,,,
,,,,,,,
,,,,,,,
,,,,,,,
,,,,,,,
,,,,,,,
,,,,,,,
,,,,,,,
,,,,,,,
,,,,,,,
,,,,,,,
,,,,,,,
,,,,,,,
,,,,,,,
,,,,,,,
,,,,,,,
,,,,,,,
,,,,,,,
,,,,,,,
,,,,,,,
,,,,,,,
,,,,,,,
,,,,,,,
,,,,,,,
,,,,,,,
,,,,,,,
,,,,,,,
,,,,,,,
,,,,,,,
,,,,,,,
,,,,,,,
,,,,,,,
,,,,,,,
,,,,,,,
,,,,,,,
,,,,,,,
,,,,,,,
,,,,,,,
,,,,,,,
,,,,,,,
,,,,,,,
,,,,,,,
,,,,,,,
,,,,,,,
,,,,,,,
,,,,,,,
,,,,,,,
,,,,,,,
,,,,,,,
,,,,,,,
,,,,,,,
,,,,,,,
,,,,,,,
,,,,,,,
,,,,,,,
,,,,,,,
,,,,,,,
,,,,,,,
,,,,,,,
,,,,,,,
,,,,,,,
,,,,,,,
,,,,,,,
,,,,,,,
,,,,,,,
,,,,,,,
,,,,,,,
,,,,,,,
,,,,,,,
,,,,,,,
,,,,,,,
,,,,,,,
,,,,,,,
,,,,,,,
,,,,,,,
,,,,,,,
,,,,,,,
,,,,,,,
,,,,,,,
,,,,,,,
,,,,,,,
,,,,,,,
,,,,,,,
,,,,,,,
,,,,,,,
,,,,,,,
,,,,,,,
,,,,,,,
,,,,,,,
,,,,,,,
,,,,,,,
,,,,,,,
,,,,,,,
,,,,,,,
,,,,,,,
,,,,,,,
,,,,,,,
,,,,,,,
,,,,,,,
,,,,,,,
,,,,,,,
,,,,,,,
,,,,,,,
,,,,,,,
,,,,,,,
,,,,,,,
,,,,,,,
,,,,,,,
,,,,,,,
,,,,,,,
,,,,,,,
,,,,,,,
,,,,,,,
,,,,,,,
,,,,,,,
,,,,,,,
,,,,,,,
,,,,,,,
,,,,,,,
,,,,,,,
,,,,,,,
,,,,,,,
,,,,,,,
,,,,,,,
,,,,,,,
,,,,,,,
,,,,,,,
,,,,,,,
,,,,,,,
,,,,,,,
,,,,,,,
,,,,,,,
,,,,,,,
,,,,,,,
,,,,,,,
,,,,,,,
,,,,,,,
,,,,,,,
,,,,,,,
,,,,,,,
,,,,,,,
,,,,,,,
,,,,,,,
,,,,,,,
,,,,,,,
,,,,,,,
,,,,,,,
,,,,,,,
,,,,,,,
,,,,,,,
,,,,,,,
,,,,,,,
,,,,,,,
,,,,,,,
,,,,,,,
,,,,,,,
,,,,,,,
,,,,,,,
,,,,,,,
,,,,,,,
,,,,,,,
,,,,,,,
,,,,,,,
,,,,,,,
,,,,,,,
,,,,,,,
,,,,,,,
,,,,,,,
,,,,,,,
,,,,,,,
,,,,,,,
,,,,,,,
,,,,,,,
,,,,,,,
,,,,,,,
,,,,,,,
,,,,,,,
,,,,,,,
,,,,,,,
,,,,,,,
,,,,,,,
,,,,,,,
,,,,,,,
,,,,,,,
,,,,,,,
,,,,,,,
,,,,,,,
,,,,,,,
,,,,,,,
,,,,,,,
,,,,,,,
,,,,,,,
,,,,,,,
,,,,,,,
,,,,,,,
,,,,,,,
,,,,,,,
,,,,,,,
,,,,,,,
,,,,,,,
,,,,,,,
,,,,,,,
,,,,,,,
,,,,,,,
,,,,,,,
,,,,,,,
,,,,,,,
,,,,,,,
,,,,,,,
,,,,,,,
,,,,,,,
,,,,,,,
,,,,,,,
,,,,,,,
,,,,,,,
,,,,,,,
,,,,,,,
,,,,,,,
,,,,,,,
,,,,,,,
,,,,,,,
,,,,,,,
,,,,,,,
,,,,,,,
,,,,,,,
,,,,,,,
,,,,,,,
,,,,,,,
,,,,,,,
,,,,,,,
,,,,,,,
,,,,,,,
,,,,,,,
,,,,,,,
,,,,,,,
,,,,,,,
,,,,,,,
,,,,,,,
,,,,,,,
,,,,,,,
,,,,,,,
,,,,,,,
,,,,,,,
,,,,,,,
,,,,,,,
,,,,,,,
,,,,,,,
,,,,,,,
,,,,,,,
,,,,,,,
,,,,,,,
,,,,,,,
,,,,,,,
,,,,,,,
,,,,,,,
,,,,,,,
,,,,,,,
,,,,,,,
,,,,,,,
,,,,,,,
,,,,,,,
,,,,,,,
,,,,,,,
,,,,,,,
,,,,,,,
,,,,,,,
,,,,,,,
,,,,,,,
,,,,,,,
,,,,,,,
,,,,,,,
,,,,,,,
,,,,,,,
,,,,,,,
,,,,,,,
,,,,,,,
,,,,,,,
,,,,,,,
,,,,,,,
,,,,,,,
,,,,,,,
,,,,,,,
,,,,,,,
,,,,,,,
,,,,,,,
,,,,,,,
,,,,,,,
,,,,,,,
,,,,,,,
,,,,,,,
,,,,,,,
,,,,,,,
,,,,,,,
,,,,,,,
,,,,,,,
,,,,,,,
,,,,,,,
,,,,,,,
,,,,,,,
,,,,,,,
,,,,,,,
,,,,,,,
,,,,,,,
,,,,,,,
,,,,,,,
,,,,,,,
,,,,,,,
,,,,,,,
,,,,,,,
,,,,,,,
,,,,,,,
,,,,,,,
,,,,,,,
,,,,,,,
,,,,,,,
,,,,,,,
,,,,,,,
,,,,,,,
,,,,,,,
,,,,,,,
,,,,,,,
,,,,,,,
,,,,,,,
,,,,,,,
,,,,,,,
,,,,,,,
,,,,,,,
,,,,,,,
,,,,,,,
,,,,,,,
,,,,,,,
,,,,,,,
,,,,,,,
,,,,,,,
,,,,,,,
,,,,,,,
,,,,,,,
,,,,,,,
,,,,,,,
,,,,,,,
,,,,,,,
,,,,,,,
,,,,,,,
,,,,,,,
,,,,,,,
,,,,,,,
,,,,,,,
,,,,,,,
,,,,,,,
,,,,,,,
,,,,,,,
,,,,,,,
,,,,,,,
,,,,,,,
,,,,,,,
,,,,,,,
,,,,,,,
,,,,,,,
,,,,,,,
,,,,,,,
,,,,,,,
,,,,,,,
,,,,,,,
,,,,,,,
,,,,,,,
,,,,,,,
,,,,,,,
,,,,,,,
,,,,,,,
,,,,,,,
,,,,,,,
,,,,,,,
,,,,,,,
,,,,,,,
,,,,,,,
,,,,,,,
,,,,,,,
,,,,,,,
,,,,,,,
,,,,,,,
,,,,,,,
,,,,,,,
,,,,,,,
,,,,,,,
,,,,,,,
,,,,,,,
,,,,,,,
,,,,,,,
,,,,,,,
,,,,,,,
,,,,,,,
,,,,,,,
,,,,,,,
,,,,,,,
,,,,,,,
,,,,,,,
,,,,,,,
,,,,,,,
,,,,,,,
,,,,,,,
,,,,,,,
,,,,,,,
,,,,,,,
,,,,,,,
,,,,,,,
,,,,,,,
,,,,,,,
,,,,,,,
,,,,,,,
,,,,,,,
,,,,,,,
,,,,,,,
,,,,,,,
,,,,,,,
,,,,,,,
,,,,,,,
,,,,,,,
,,,,,,,
,,,,,,,
,,,,,,,
,,,,,,,
,,,,,,,
,,,,,,,
,,,,,,,
,,,,,,,
,,,,,,,
,,,,,,,
,,,,,,,
,,,,,,,
,,,,,,,
,,,,,,,
,,,,,,,
,,,,,,,
,,,,,,,
,,,,,,,
,,,,,,,
,,,,,,,
,,,,,,,
,,,,,,,
,,,,,,,
,,,,,,,
,,,,,,,
,,,,,,,
,,,,,,,
,,,,,,,
,,,,,,,
,,,,,,,
,,,,,,,
,,,,,,,
,,,,,,,
,,,,,,,
,,,,,,,
,,,,,,,
,,,,,,,
,,,,,,,
,,,,,,,
,,,,,,,
,,,,,,,
,,,,,,,
,,,,,,,
,,,,,,,
,,,,,,,
,,,,,,,
,,,,,,,
,,,,,,,
,,,,,,,
,,,,,,,
,,,,,,,
,,,,,,,
,,,,,,,
,,,,,,,
,,,,,,,
,,,,,,,
,,,,,,,
,,,,,,,
,,,,,,,
,,,,,,,
,,,,,,,
,,,,,,,
,,,,,,,
,,,,,,,
,,,,,,,
,,,,,,,
,,,,,,,
,,,,,,,
,,,,,,,
,,,,,,,
,,,,,,,
,,,,,,,
,,,,,,,
,,,,,,,
,,,,,,,
,,,,,,,
,,,,,,,
,,,,,,,
,,,,,,,
,,,,,,,
,,,,,,,
,,,,,,,
,,,,,,,
,,,,,,,
,,,,,,,
,,,,,,,
,,,,,,,
,,,,,,,
,,,,,,,
,,,,,,,
,,,,,,,
,,,,,,,
,,,,,,,
,,,,,,,
,,,,,,,
,,,,,,,
,,,,,,,
,,,,,,,
,,,,,,,
,,,,,,,
,,,,,,,
,,,,,,,
,,,,,,,
,,,,,,,
,,,,,,,
,,,,,,,
,,,,,,,
,,,,,,,
,,,,,,,
,,,,,,,
,,,,,,,
,,,,,,,
,,,,,,,
,,,,,,,
,,,,,,,
,,,,,,,
,,,,,,,
,,,,,,,
,,,,,,,
,,,,,,,
,,,,,,,
,,,,,,,
,,,,,,,
,,,,,,,
,,,,,,,
,,,,,,,
,,,,,,,
,,,,,,,
,,,,,,,
,,,,,,,
,,,,,,,
,,,,,,,
,,,,,,,
,,,,,,,
,,,,,,,
,,,,,,,
,,,,,,,
,,,,,,,
,,,,,,,
,,,,,,,
,,,,,,,
,,,,,,,
,,,,,,,
,,,,,,,
,,,,,,,
,,,,,,,
,,,,,,,
,,,,,,,
,,,,,,,
,,,,,,,
,,,,,,,
,,,,,,,
,,,,,,,
,,,,,,,
,,,,,,,
,,,,,,,
,,,,,,,
,,,,,,,
,,,,,,,
,,,,,,,
,,,,,,,
,,,,,,,
,,,,,,,
,,,,,,,
,,,,,,,
,,,,,,,
,,,,,,,
,,,,,,,
,,,,,,,
,,,,,,,
,,,,,,,
,,,,,,,
,,,,,,,
,,,,,,,
,,,,,,,
,,,,,,,
,,,,,,,
,,,,,,,
,,,,,,,
,,,,,,,
,,,,,,,
,,,,,,,
,,,,,,,
,,,,,,,
,,,,,,,
,,,,,,,
,,,,,,,
,,,,,,,
,,,,,,,
,,,,,,,
,,,,,,,
,,,,,,,
,,,,,,,
,,,,,,,
,,,,,,,
,,,,,,,
,,,,,,,
,,,,,,,
,,,,,,,
,,,,,,,
,,,,,,,
,,,,,,,
,,,,,,,
,,,,,,,
,,,,,,,
,,,,,,,
,,,,,,,
,,,,,,,
,,,,,,,
,,,,,,,
,,,,,,,
,,,,,,,
,,,,,,,
,,,,,,,
,,,,,,,
,,,,,,,
,,,,,,,
,,,,,,,
,,,,,,,
,,,,,,,
,,,,,,,
,,,,,,,
,,,,,,,
,,,,,,,
,,,,,,,
,,,,,,,
,,,,,,,
,,,,,,,
,,,,,,,
,,,,,,,
,,,,,,,
,,,,,,,
,,,,,,,
,,,,,,,
,,,,,,,
,,,,,,,
,,,,,,,
,,,,,,,
,,,,,,,
,,,,,,,
,,,,,,,
,,,,,,,
,,,,,,,
,,,,,,,
,,,,,,,
,,,,,,,
,,,,,,,
,,,,,,,
,,,,,,,
,,,,,,,
,,,,,,,
,,,,,,,
,,,,,,,
,,,,,,,
,,,,,,,
,,,,,,,
,,,,,,,
,,,,,,,
,,,,,,,
,,,,,,,
,,,,,,,
,,,,,,,
,,,,,,,
,,,,,,,
,,,,,,,
,,,,,,,
,,,,,,,
,,,,,,,
,,,,,,,
,,,,,,,
,,,,,,,
,,,,,,,
,,,,,,,
,,,,,,,
,,,,,,,
,,,,,,,
,,,,,,,
,,,,,,,
,,,,,,,
,,,,,,,
,,,,,,,
,,,,,,,
,,,,,,,
,,,,,,,
,,,,,,,
,,,,,,,
,,,,,,,
,,,,,,,
,,,,,,,
,,,,,,,
,,,,,,,
,,,,,,,
,,,,,,,
,,,,,,,
,,,,,,,
,,,,,,,
,,,,,,,
,,,,,,,
,,,,,,,
,,,,,,,
,,,,,,,
,,,,,,,
,,,,,,,
,,,,,,,
,,,,,,,
,,,,,,,
,,,,,,,
,,,,,,,
,,,,,,,
,,,,,,,
,,,,,,,
,,,,,,,
,,,,,,,
,,,,,,,
,,,,,,,
,,,,,,,
,,,,,,,
,,,,,,,
,,,,,,,
,,,,,,,
,,,,,,,
,,,,,,,
,,,,,,,
,,,,,,,
,,,,,,,
,,,,,,,
,,,,,,,
,,,,,,,
,,,,,,,
,,,,,,,
,,,,,,,
,,,,,,,
,,,,,,,
,,,,,,,
,,,,,,,
,,,,,,,
,,,,,,,
,,,,,,,
,,,,,,,
,,,,,,,
,,,,,,,
,,,,,,,
,,,,,,,
,,,,,,,
,,,,,,,
,,,,,,,
,,,,,,,
,,,,,,,
,,,,,,,
,,,,,,,
,,,,,,,
,,,,,,,
,,,,,,,
,,,,,,,
,,,,,,,
,,,,,,,
,,,,,,,
,,,,,,,
,,,,,,,
,,,,,,,
,,,,,,,
,,,,,,,
,,,,,,,
,,,,,,,
,,,,,,,
,,,,,,,
,,,,,,,
,,,,,,,
,,,,,,,
,,,,,,,
,,,,,,,
,,,,,,,
,,,,,,,
,,,,,,,
,,,,,,,
,,,,,,,
,,,,,,,
,,,,,,,
,,,,,,,
,,,,,,,
,,,,,,,
,,,,,,,
,,,,,,,
,,,,,,,
,,,,,,,
,,,,,,,
,,,,,,,
,,,,,,,
,,,,,,,
,,,,,,,
,,,,,,,
,,,,,,,
,,,,,,,
,,,,,,,
,,,,,,,
,,,,,,,
,,,,,,,
,,,,,,,
,,,,,,,
,,,,,,,
,,,,,,,
,,,,,,,
,,,,,,,
,,,,,,,
,,,,,,,
,,,,,,,
,,,,,,,
,,,,,,,
,,,,,,,
,,,,,,,
,,,,,,,
,,,,,,,
,,,,,,,
,,,,,,,
,,,,,,,
,,,,,,,
,,,,,,,
,,,,,,,
,,,,,,,
,,,,,,,
,,,,,,,
,,,,,,,
,,,,,,,
,,,,,,,
,,,,,,,
,,,,,,,
,,,,,,,
,,,,,,,
,,,,,,,
,,,,,,,
,,,,,,,
,,,,,,,
,,,,,,,
,,,,,,,
,,,,,,,
,,,,,,,
,,,,,,,
,,,,,,,
,,,,,,,
,,,,,,,
,,,,,,,
,,,,,,,
,,,,,,,
,,,,,,,
,,,,,,,
,,,,,,,
,,,,,,,
,,,,,,,
,,,,,,,
,,,,,,,
,,,,,,,
,,,,,,,
,,,,,,,
,,,,,,,
,,,,,,,
,,,,,,,
,,,,,,,
,,,,,,,
,,,,,,,
,,,,,,,
,,,,,,,
,,,,,,,
,,,,,,,
,,,,,,,
,,,,,,,
,,,,,,,
,,,,,,,
,,,,,,,
,,,,,,,
,,,,,,,
,,,,,,,
,,,,,,,
,,,,,,,
,,,,,,,
,,,,,,,
,,,,,,,
,,,,,,,
,,,,,,,
,,,,,,,
,,,,,,,
,,,,,,,
,,,,,,,
,,,,,,,
,,,,,,,
,,,,,,,
,,,,,,,
,,,,,,,
,,,,,,,
,,,,,,,
,,,,,,,
,,,,,,,
,,,,,,,
,,,,,,,
,,,,,,,
,,,,,,,
,,,,,,,
,,,,,,,
,,,,,,,
,,,,,,,
,,,,,,,
,,,,,,,
,,,,,,,
,,,,,,,
,,,,,,,
,,,,,,,
,,,,,,,
,,,,,,,
,,,,,,,
,,,,,,,
,,,,,,,
,,,,,,,
,,,,,,,
,,,,,,,
,,,,,,,
,,,,,,,
,,,,,,,
,,,,,,,
,,,,,,,
,,,,,,,
,,,,,,,
,,,,,,,
,,,,,,,
,,,,,,,
,,,,,,,
,,,,,,,
,,,,,,,
,,,,,,,
,,,,,,,
,,,,,,,
,,,,,,,
,,,,,,,
,,,,,,,
,,,,,,,
,,,,,,,
,,,,,,,
,,,,,,,
,,,,,,,
,,,,,,,
,,,,,,,
,,,,,,,
,,,,,,,
,,,,,,,
,,,,,,,
,,,,,,,
,,,,,,,
,,,,,,,
,,,,,,,
,,,,,,,
,,,,,,,
,,,,,,,
,,,,,,,
,,,,,,,
,,,,,,,
,,,,,,,
,,,,,,,
,,,,,,,
,,,,,,,
,,,,,,,
,,,,,,,
,,,,,,,
,,,,,,,
,,,,,,,
,,,,,,,
,,,,,,,
,,,,,,,
,,,,,,,
,,,,,,,
,,,,,,,
,,,,,,,
,,,,,,,
,,,,,,,
,,,,,,,
,,,,,,,
,,,,,,,
,,,,,,,
,,,,,,,
,,,,,,,
,,,,,,,
,,,,,,,
,,,,,,,
,,,,,,,
,,,,,,,
,,,,,,,
,,,,,,,
,,,,,,,
,,,,,,,
,,,,,,,
,,,,,,,
,,,,,,,
,,,,,,,
,,,,,,,
,,,,,,,
,,,,,,,
,,,,,,,
,,,,,,,
,,,,,,,
,,,,,,,
,,,,,,,
,,,,,,,
,,,,,,,
,,,,,,,
,,,,,,,
,,,,,,,
,,,,,,,
,,,,,,,
,,,,,,,
,,,,,,,
,,,,,,,
,,,,,,,
,,,,,,,
,,,,,,,
,,,,,,,
,,,,,,,
,,,,,,,
,,,,,,,
,,,,,,,
,,,,,,,
,,,,,,,
,,,,,,,
,,,,,,,
,,,,,,,
,,,,,,,
,,,,,,,
,,,,,,,
,,,,,,,
,,,,,,,
,,,,,,,
,,,,,,,
,,,,,,,
,,,,,,,
,,,,,,,
,,,,,,,
,,,,,,,
,,,,,,,
,,,,,,,
,,,,,,,
,,,,,,,
,,,,,,,
,,,,,,,
,,,,,,,
,,,,,,,
,,,,,,,
,,,,,,,
,,,,,,,
,,,,,,,
,,,,,,,
,,,,,,,
,,,,,,,
,,,,,,,
,,,,,,,
,,,,,,,
,,,,,,,
,,,,,,,
,,,,,,,
,,,,,,,
,,,,,,,
,,,,,,,
,,,,,,,
,,,,,,,
,,,,,,,
,,,,,,,
,,,,,,,
,,,,,,,
,,,,,,,
,,,,,,,
,,,,,,,
,,,,,,,
,,,,,,,
,,,,,,,
,,,,,,,
,,,,,,,
,,,,,,,
,,,,,,,
,,,,,,,
,,,,,,,
,,,,,,,
,,,,,,,
,,,,,,,
,,,,,,,
,,,,,,,
,,,,,,,
,,,,,,,
,,,,,,,
,,,,,,,
,,,,,,,
,,,,,,,
,,,,,,,
,,,,,,,
,,,,,,,
,,,,,,,
,,,,,,,
,,,,,,,
,,,,,,,
,,,,,,,
,,,,,,,
,,,,,,,
,,,,,,,
,,,,,,,
,,,,,,,
,,,,,,,
,,,,,,,
,,,,,,,
,,,,,,,
,,,,,,,
,,,,,,,
,,,,,,,
,,,,,,,
,,,,,,,
,,,,,,,
,,,,,,,
,,,,,,,
,,,,,,,
,,,,,,,
,,,,,,,
,,,,,,,
,,,,,,,
,,,,,,,
,,,,,,,
,,,,,,,
,,,,,,,
,,,,,,,
,,,,,,,
,,,,,,,
,,,,,,,
,,,,,,,
,,,,,,,
,,,,,,,
,,,,,,,
,,,,,,,
,,,,,,,
,,,,,,,
,,,,,,,
,,,,,,,
,,,,,,,
,,,,,,,
,,,,,,,
,,,,,,,
,,,,,,,
,,,,,,,
,,,,,,,
,,,,,,,
,,,,,,,
,,,,,,,
,,,,,,,
,,,,,,,
,,,,,,,
,,,,,,,
,,,,,,,
,,,,,,,
,,,,,,,
,,,,,,,
,,,,,,,
,,,,,,,
,,,,,,,
,,,,,,,
,,,,,,,
,,,,,,,
,,,,,,,
,,,,,,,
,,,,,,,
,,,,,,,
,,,,,,,
,,,,,,,
,,,,,,,
,,,,,,,
,,,,,,,
,,,,,,,
,,,,,,,
,,,,,,,
,,,,,,,
,,,,,,,
,,,,,,,
,,,,,,,
,,,,,,,
,,,,,,,
,,,,,,,
,,,,,,,
,,,,,,,
,,,,,,,
,,,,,,,
,,,,,,,
,,,,,,,
